URL,MobileURL,Date,Title
"https://patch.com/ohio/cleveland/ohio-crosses-4-000-confirmed-coronavirus-cases-119-deaths","https://patch.com/ohio/cleveland/amp/28676209/ohio-crosses-4-000-confirmed-coronavirus-cases-119-deaths","2020-04-05 19:00:00","Ohio Crosses 4 , 000 Confirmed Coronavirus Cases , 119 Deaths"
"https://www.thestar.com.my/news/regional/2020/04/05/taiwan-turns-to-taxis-in-fight-against-coronavirus","","2020-04-05 11:45:00","Taiwan turns to taxis in fight against coronavirus"
"https://www.chron.com/news/article/Arkansas-coronavirus-cases-up-to-830-governor-to-15180563.php","https://www.chron.com/news/amp/Arkansas-coronavirus-cases-up-to-830-governor-to-15180563.php","2020-04-05 21:00:00","Arkansas coronavirus cases up to 830 , governor to wear mask"
"https://www.sfgate.com/news/article/Arkansas-coronavirus-cases-up-to-830-governor-to-15180563.php","https://www.sfgate.com/news/amp/Arkansas-coronavirus-cases-up-to-830-governor-to-15180563.php","2020-04-05 21:30:00","Arkansas coronavirus cases up to 830 , governor to wear mask"
"https://www.univision.com/noticias/salud/guia-sobre-como-usar-una-mascarilla-y-como-lavarla-para-evitar-la-propagacion-del-coronavirus","","2020-04-05 21:45:00","Guía sobre cómo usar una mascarilla y cómo lavarla para evitar la propagación del coronavirus"
"https://www.cnet.com/how-to/homemade-face-masks-coronavirus-and-the-cdc-heres-everything-you-need-to-know/","https://www.cnet.com/google-amp/news/homemade-face-masks-coronavirus-and-the-cdc-heres-everything-you-need-to-know/","2020-04-05 17:00:00","Homemade face masks , coronavirus and the CDC : Here everything you need to know"
"https://dailyvoice.com/connecticut/trumbull/lifestyle/covid-19-should-we-all-wear-masks-in-public-health-experts-cdc-to-revise-guidelines/785914/","","2020-04-05 13:30:00","COVID - 19 : Should We All Wear Masks In Public ? Health Experts , CDC To Revise Guidelines"
"https://www.seattlepi.com/news/article/Arkansas-coronavirus-cases-up-to-830-governor-to-15180563.php","https://www.seattlepi.com/news/amp/Arkansas-coronavirus-cases-up-to-830-governor-to-15180563.php","2020-04-05 21:00:00","Arkansas coronavirus cases up to 830 , governor to wear mask"
"https://www.bangkokpost.com/thailand/general/1893515/thailand-reports-102-new-coronavirus-cases-3-more-deaths","","2020-04-05 06:00:00","Thailand reports 102 new coronavirus cases , 3 more deaths"
"https://www.aceshowbiz.com/news/view/00151766.html","https://www.aceshowbiz.com/amp/news/view/00151766.html","2020-04-05 18:00:00","Colin Hanks Gives Tutorial on How to Turn Bandanas Into Covid - 19 Face Masks"
"https://photogallery.indiatimes.com/news/world/in-pics-coronavirus-sweeps-across-france/articleshow/74990884.cms","https://m.photos.timesofindia.com/news/world/in-pics-coronavirus-sweeps-across-france/amp_etarticleshow/74990884.cms","2020-04-05 08:30:00","In pics : Coronavirus sweeps across France"
"https://www.africanews.com/2020/04/05/coronavirus-tanzania-tanzania-consults-muhimbili-university-of-health-and-allied-sciences-muhas-expert-on-wearing-face-mask/","","2020-04-05 11:30:00","Coronavirus – Tanzania : Tanzania Consults Muhimbili University of Health and Allied Sciences ( MUHAS ) Expert on Wearing Face Mask"
"https://www.nhregister.com/news/article/Arkansas-coronavirus-cases-up-to-830-governor-to-15180563.php","https://www.nhregister.com/news/amp/Arkansas-coronavirus-cases-up-to-830-governor-to-15180563.php","2020-04-05 21:00:00","Arkansas coronavirus cases up to 830 , governor to wear mask"
"https://www.newsweek.com/patients-test-positive-coronavirus-after-screening-regulations-loosened-1496169","https://www.newsweek.com/patients-test-positive-coronavirus-after-screening-regulations-loosened-1496169?amp=1","2020-04-05 10:00:00","Several Patients Test Positive For Coronavirus Aboard Hospital Ship Docked In New York After It Loosens Screening Regulations"
"https://www.laprensagrafica.com/salud/Coronavirus-la-autoridad-sanitaria-en-EUA-recomienda-el-uso-de-mascarillas-pero-Trump-se-niega-a-imponer-la-medida-20200404-0144.html","https://www.laprensagrafica.com/amp/salud/Coronavirus-la-autoridad-sanitaria-en-EUA-recomienda-el-uso-de-mascarillas-pero-Trump-se-niega-a-imponer-la-medida-20200404-0144.html","2020-04-05 00:00:00","Coronavirus : la autoridad sanitaria en EUA recomienda el uso de mascarillas pero Trump se niega a imponer la medida"
"https://brazilbusiness.einnews.com/pr_news/513856426/coronavirus-tanzania-tanzania-consults-muhimbili-university-of-health-and-allied-sciences-muhas-expert-on-wearing-face-mask","","2020-04-05 11:30:00","Coronavirus – Tanzania : Tanzania Consults Muhimbili University of Health and Allied Sciences ( MUHAS ) Expert on Wearing Face Mask"
"https://www.einnews.com/pr_news/513856426/coronavirus-tanzania-tanzania-consults-muhimbili-university-of-health-and-allied-sciences-muhas-expert-on-wearing-face-mask","","2020-04-05 12:30:00","Coronavirus – Tanzania : Tanzania Consults Muhimbili University of Health and Allied Sciences ( MUHAS ) Expert on Wearing Face Mask"
"https://www.9news.com.au/world/coronavirus-why-wear-face-masks-in-public/0f388b27-f1ac-4690-8855-72a10e4bab25","https://amp.9news.com.au/article/0f388b27-f1ac-4690-8855-72a10e4bab25","2020-04-05 21:30:00","Coronavirus : Why wear face masks in public ? "
"https://heavy.com/news/2020/04/cdc-how-to-make-a-mask/","https://heavy.com/news/2020/04/cdc-how-to-make-a-mask/amp/","2020-04-05 21:00:00","WATCH : CDC Video Shows How to Make a Mask in 45 Seconds"
"https://patch.com/pennsylvania/across-pa/nearly-1-600-new-cases-coronavirus-34-deaths-reported-pa","https://patch.com/pennsylvania/across-pa/amp/28674896/nearly-1-600-new-cases-coronavirus-34-deaths-reported-pa","2020-04-05 12:15:00","Nearly 1 , 600 New Cases Of Coronavirus , 34 Deaths Reported In PA"
"https://www.newsweek.com/pelosi-says-fourth-coronavirus-stimulus-plan-must-go-further-1496181","https://www.newsweek.com/pelosi-says-fourth-coronavirus-stimulus-plan-must-go-further-1496181?amp=1","2020-04-05 14:30:00","Pelosi Tells House Members in Letter  We Must Double Down on the Down - Payment  by Introducing CARES 2 Stimulus Plan"
"https://www.newsweek.com/coronavirus-update-cruise-ship-florida-1496174","https://www.newsweek.com/coronavirus-update-cruise-ship-florida-1496174?amp=1","2020-04-05 12:00:00","Coronavirus Update : U . S . Virus Deaths Surpass 8 , 500 as Cruise Ship with Victims Onboard Docks in Florida"
"https://www.ladepeche.fr/2020/04/05/coronavirus-et-si-les-masques-devenaient-obligatoires-en-france,8834129.php","https://www.ladepeche.fr/amp/2020/04/05/coronavirus-et-si-les-masques-devenaient-obligatoires-en-france,8834129.php","2020-04-05 19:15:00","Coronavirus : et si les masques devenaient obligatoires en France ? "
"https://www.washingtontimes.com/news/2020/apr/5/all-americans-asked-wear-cloth-masks-while-public/","https://amp.washingtontimes.com/news/2020/apr/5/all-americans-asked-wear-cloth-masks-while-public/","2020-04-05 22:45:00","All Americans asked to wear cloth masks while in public"
"https://mashable.com/article/coronavirus-street-art-murals/","","2020-04-05 18:00:00","Street art around the world reflects coronavirus impact"
"https://bgr.com/2020/04/05/coronavirus-tips-for-masks-how-to-make-and-use-cloth-masks-correctly/","https://bgr.com/2020/04/05/coronavirus-tips-for-masks-how-to-make-and-use-cloth-masks-correctly/amp/","2020-04-05 17:15:00","5 tips for using coronavirus masks ( and how to make your own ) "
"https://www.elsalvador.com/noticias/nacional/coronavirus-ues-pruebas-carlos-ortega/702906/2020/","","2020-04-05 19:45:00","mascarilla | Noticias de El Salvador - elsalvador . com"
"https://timesofindia.indiatimes.com/india/coronavirus-why-do-i-need-to-wear-a-mask/articleshow/74994245.cms","https://m.timesofindia.com/india/coronavirus-why-do-i-need-to-wear-a-mask/amp_articleshow/74994245.cms","2020-04-05 13:00:00","Coronavirus : Why do I need to wear a mask ? | India News"
"https://patch.com/ohio/cleveland/coroanvirus-protection-how-make-cloth-face-mask","https://patch.com/ohio/cleveland/amp/28675638/coroanvirus-protection-how-make-cloth-face-mask","2020-04-05 15:45:00","Coroanvirus Protection : How To Make A Cloth Face Mask"
"https://vosizneias.com/2020/04/04/why-wear-face-masks-in-public-heres-what-the-research-shows/","","2020-04-05 04:45:00","Why Wear Face Masks In Public ? Here What The Research Shows"
"https://www.newsweek.com/smell-test-us-military-base-south-korea-apple-vinegar-screening-1496183","https://www.newsweek.com/smell-test-us-military-base-south-korea-apple-vinegar-screening-1496183?amp=1","2020-04-05 13:30:00","Can You Pass The Smell Test ? U . S . Military Base in South Korea Tests Visitors for COVID - 19 With Apple Vinegar Screening"
"https://www.francebleu.fr/infos/faits-divers-justice/coronavirus-le-port-de-masque-pour-tout-le-monde-1586010358","https://www.francebleu.fr/amp/infos/faits-divers-justice/coronavirus-le-port-de-masque-pour-tout-le-monde-1586010358","2020-04-05 08:15:00","Coronavirus : porter un masque avec des fibres serrées diminue le risque de transmission du virus"
"https://www.houstonchronicle.com/news/article/Why-wear-face-masks-in-public-Here-s-what-the-15179143.php","https://www.houstonchronicle.com/news/amp/Why-wear-face-masks-in-public-Here-s-what-the-15179143.php","2020-04-05 01:00:00","Why wear face masks in public ? Here what the research shows"
"https://www.unotv.com/noticias/portal/tecnologia/detalle/coronavirus-mascarillas-contra-el-covid-19-373733/","https://www.unotv.com/noticias/portal/tecnologia/detalle/coronavirus-mascarillas-contra-el-covid-19-373733/","2020-04-05 20:30:00","Coronavirus : las mascarillas más usadas contra el COVID - 19"
"https://www.snopes.com/news/2020/04/04/why-wear-face-masks-in-public-heres-what-the-research-shows/","https://www.snopes.com/news/2020/04/04/why-wear-face-masks-in-public-heres-what-the-research-shows/amp/","2020-04-05 04:00:00","Why Wear Face Masks in Public ? Here What the Research Shows"
"https://golos.ua/i/743383","","2020-04-05 10:45:00"," « Важно знать !»: в Минздраве перечислили правила правильного ношения масок"
"https://wapa.pe/salud/1550814-coronavirus-mundo-mascarillas-hechas-tela-acolchado-son-efectivas-evitar-contagiarnos-covid-19-oms-prevencion-enfermedades","https://wapa.pe/salud/1550814-coronavirus-mundo-mascarillas-hechas-tela-acolchado-son-efectivas-evitar-contagiarnos-covid-19-oms-prevencion-enfermedades/amp","2020-04-05 20:15:00","Coronavirus en el mundo : Las mascarillas hechas con tela de acolchado son efectivas para evitar contagiarnos del COVID - 19 | OMS | Prevención | Enfermedades | Salud"
"https://blog.wenxuecity.com/myblog/58770/202004/6316.html","","2020-04-05 02:00:00","王利民 _ 文学城博客"
"https://nationalinterest.org/blog/buzz/wear-or-not-wear-mask-here-are-answers-140177","","2020-04-05 19:15:00","To Wear , or Not to Wear , a Mask ? Here Are the Answers . "
"https://www.mirror.co.uk/news/uk-news/coronavirus-young-man-licked-fingers-21816091","https://www.mirror.co.uk/news/uk-news/coronavirus-young-man-licked-fingers-21816091.amp","2020-04-05 12:15:00","Coronavirus : Young man  licked his fingers and rubbed them onto food  in Lidl"
"https://www.standardmedia.co.ke/article/2001366905/to-mask-or-not-to-mask","https://www.standardmedia.co.ke/mobile/amp/article/2001366905/to-mask-or-not-to-mask","2020-04-05 01:30:00","To mask or not to mask : The Standard"
"http://www.econotimes.com/Why-wear-face-masks-in-public-Heres-what-the-research-shows-1579108","","2020-04-05 12:45:00","Why wear face masks in public ? Here what the research shows"
"https://apnews.com/2883ed4e8653bc7dc6e79a3fea632eec","","2020-04-05 21:00:00","Arkansas coronavirus cases up to 830 , governor to wear mask"
"https://www.dailyadvance.com/special/public_info/outbreak-outerwear-more-people-wear-protective-masks/article_9a1213e3-83b7-5e99-ae33-de402d9ab068.html","","2020-04-05 19:30:00","Outbreak outerwear : More people wear protective masks"
"https://www.chron.com/news/crime/article/Police-Charges-planned-against-2-in-coughing-15180191.php","https://www.chron.com/news/crime/amp/Police-Charges-planned-against-2-in-coughing-15180191.php","2020-04-05 15:45:00","Police : Charges planned against 2 in coughing incidents"
"https://www.sfgate.com/news/crime/article/Police-Charges-planned-against-2-in-coughing-15180191.php","https://www.sfgate.com/news/crime/amp/Police-Charges-planned-against-2-in-coughing-15180191.php","2020-04-05 15:30:00","Police : Charges planned against 2 in coughing incidents"
"https://www.bangkokpost.com/thailand/general/1893515/thailand-reports-102-new-coronavirus-cases-3-more-deaths-sunday","","2020-04-05 06:30:00","Thailand reports 102 new coronavirus cases , 3 more deaths Sunday"
"https://unitedwithisrael.org/watch-israeli-reusable-nanotech-masks-help-solve-corona-shortage/","https://unitedwithisrael.org/watch-israeli-reusable-nanotech-masks-help-solve-corona-shortage/amp/","2020-04-05 09:00:00","WATCH : Israeli Reusable Nanotech Masks Help Solve Corona Shortage"
"https://citizen.co.za/news/2265534/48-hours-in-pictures-5-april-2020/","https://citizen.co.za/news/2265534/48-hours-in-pictures-5-april-2020/amp/","2020-04-05 15:15:00","48 hours in pictures , 5 April 2020"
"https://thenationonlineng.net/covid-19-choice-between-homemade-surgical-masks/","https://thenationonlineng.net/covid-19-choice-between-homemade-surgical-masks/amp/","2020-04-05 05:15:00","COVID - 19 : Choice between homemade , surgical masks"
"https://www.kyivpost.com/ukraine-politics/unian-number-of-covid-19-cases-in-kyiv-rises-by-31-in-past-day.html","","2020-04-05 15:30:00","UNIAN : Number of COVID - 19 cases in Kyiv rises by 31 in past day | KyivPost"
"https://www.bournemouthecho.co.uk/news/18359577.man-face-mask-charged-contaminating-goods-supermarket/","https://www.bournemouthecho.co.uk/news/18359577.amp/","2020-04-05 16:45:00","Man in face mask charged with  contaminating goods in supermarket  "
"https://gulfnews.com/opinion/op-eds/covid-19-why-masks-are-back-in-favour-in-the-fight-against-corornavirus-1.70814271","https://gulfnews.com/amp/opinion/op-eds/covid-19-why-masks-are-back-in-favour-in-the-fight-against-corornavirus-1.70814271","2020-04-05 10:00:00","COVID - 19 : Why masks are back in favour in the fight against corornavirus"
"https://www.maliweb.net/sante/covid-19-comment-optimiser-les-mesures-barrieres-2-2866277.html","https://www.maliweb.net/sante/covid-19-comment-optimiser-les-mesures-barrieres-2-2866277.html?amp","2020-04-05 10:15:00","maliweb . net - COVID - 19 : Comment optimiser les mesures - barrières"
"https://www.maliweb.net/sante/covid-19-comment-optimiser-les-mesures-barrieres-2866174.html","https://www.maliweb.net/sante/covid-19-comment-optimiser-les-mesures-barrieres-2866174.html?amp","2020-04-05 10:15:00","maliweb . net - COVID - 19 : Comment optimiser les mesures - barrières"
"https://globalnews.ca/news/6780556/coronavirus-canada-trudeau-update/","https://globalnews.ca/news/6780556/coronavirus-canada-trudeau-update/amp/","2020-04-05 14:30:00","Trudeau to offer update on Canada coronavirus pandemic response - National"
"https://news.yahoo.com/why-wear-face-masks-public-150021059.html","https://news.yahoo.com/amphtml/why-wear-face-masks-public-150021059.html","2020-04-05 06:00:00","Why wear face masks in public ? Here what the research shows"
"https://www.washingtontimes.com/news/2020/apr/5/arkansas-coronavirus-cases-up-to-830-governor-to-w/","https://amp.washingtontimes.com/news/2020/apr/5/arkansas-coronavirus-cases-up-to-830-governor-to-w/","2020-04-05 22:00:00","Arkansas coronavirus cases up to 830 , governor to wear mask"
"https://www.sbs.com.au/news/singapore-quarantines-20-000-migrant-workers-amid-spike-in-new-virus-cases","https://amp.sbs.com.au/v1/article/singapore-quarantines-20-000-migrant-workers-amid-spike-in-new-virus-cases/027a277b-9533-40fe-9a64-5b9afa7db393?amp=1","2020-04-05 22:15:00","Singapore quarantines 20 , 000 migrant workers amid spike in new virus cases"
"https://english.alarabiya.net/en/News/gulf/2020/04/05/Coronavirus-Dubai-fines-14-merchants-for-hiking-facemask-prices","","2020-04-05 12:30:00","Coronavirus : Dubai fines 14 merchants for hiking facemask prices"
"https://pulsoslp.com.mx/cienciaytecnologia/realidades-y-mitos-en-torno-al-contagio/1093835","https://pulsoslp.com.mx/amp/cienciaytecnologia/realidades-y-mitos-en-torno-al-contagio/1093835","2020-04-05 19:15:00","Realidades y mitos en torno al contagio"
"https://www.washingtontimes.com/news/2020/apr/5/police-charges-planned-against-2-in-coughing-incid/","https://amp.washingtontimes.com/news/2020/apr/5/police-charges-planned-against-2-in-coughing-incid/","2020-04-05 16:00:00","Police : Charges planned against 2 in coughing incidents"
"https://www.thenational.ae/world/asia/coronavirus-latest-uae-central-bank-boosts-stimulus-to-dh256-billion-1.988993","https://amp.thenational.ae/world/asia/coronavirus-latest-uae-central-bank-boosts-stimulus-to-dh256-billion-1.988993","2020-04-05 08:30:00","Coronavirus latest : UAE central bank boosts stimulus to Dh256 billion"
"https://lancasteronline.com/news/police-charges-planned-against-2-in-coughing-incidents/article_2a5cffdf-6cef-53e2-8c2e-190ff1cb9556.html","","2020-04-05 20:45:00","Police : Charges planned against 2 in coughing incidents"
"https://www.thehindubusinessline.com/news/national/cruise-ship-karnika-to-serve-as-a-floating-quarantine-facility/article31262879.ece","https://www.thehindubusinessline.com/news/national/cruise-ship-karnika-to-serve-as-a-floating-quarantine-facility/article31262879.ece/amp/","2020-04-05 14:45:00","Cruise ship Karnika to serve as a floating quarantine facility"
"https://www.limaohio.com/news/405404/todays-latest-updates-on-the-coronavirus-pandemic-26","","2020-04-05 20:45:00","Today latest updates on the coronavirus pandemic"
"https://globalnews.ca/news/6781749/saskatchewan-ndp-leader-cloth-masks-covid-19/","https://globalnews.ca/news/6781749/saskatchewan-ndp-leader-cloth-masks-covid-19/amp/","2020-04-05 22:45:00","Saskatchewan NDP leader encouraging public to wear masks to slow the spread of COVID - 19"
"https://www.essence.com/news/cdc-now-recommends-wearing-cloth-face-masks-in-public/","https://www.essence.com/amp/news/cdc-now-recommends-wearing-cloth-face-masks-in-public/","2020-04-05 17:30:00","CDC Now Recommends Wearing Cloth Face Masks In Public"
"https://af.reuters.com/article/worldNews/idAFKBN21N09T","https://mobile.reuters.com/article/amp/af/idAFKBN21N09T","2020-04-05 20:15:00","Philippines reports eight additional coronavirus deaths , 152 new cases"
"https://www.theguardian.com/world/2020/apr/05/face-mask-protect-coronavirus-covid-19-myths-busted","https://amp.theguardian.com/world/2020/apr/05/face-mask-protect-coronavirus-covid-19-myths-busted","2020-04-05 08:45:00","Can a face mask protect me from coronavirus ? Covid - 19 myths busted"
"https://cleantechnica.com/2020/04/05/dont-have-a-mask-you-can-make-one-but-use-it-sparingly-only-when-absolutely-necessary/","https://cleantechnica.com/2020/04/05/dont-have-a-mask-you-can-make-one-but-use-it-sparingly-only-when-absolutely-necessary/amp/","2020-04-06 00:00:00","Dont Have A Mask ? You Can Make One , But Use It Sparingly & Only When Absolutely Necessary ! "
"https://www.khaleejtimes.com/coronavirus-pandemic/covid-19-in-uae-beware-of-fake-masks-heres-how-to-spot-one","https://m.khaleejtimes.com","2020-04-05 06:15:00","Covid - 19 in UAE : Beware of fake masks ; here how to spot one"
"https://www.wgrz.com/article/news/health/coronavirus/cdc-recommends-use-of-cloth-face-coverings-amid-covid-19-pandemic/71-be51cbd2-69f0-4b22-a66e-cf92c94b3fa3","https://www.wgrz.com/amp/article/news/health/coronavirus/cdc-recommends-use-of-cloth-face-coverings-amid-covid-19-pandemic/71-be51cbd2-69f0-4b22-a66e-cf92c94b3fa3","2020-04-05 05:45:00","CDC recommends use of cloth face coverings amid COVID - 19 pandemic"
"https://www.theeagle.com/townnews/medicine/why-wear-face-masks-in-public-heres-what-the-research-shows/article_2346c2ec-7774-11ea-9826-e37d0e9f65d0.html","https://www.theeagle.com/townnews/medicine/why-wear-face-masks-in-public-heres-what-the-research-shows/article_2346c2ec-7774-11ea-9826-e37d0e9f65d0.amp.html","2020-04-05 20:00:00","Why wear face masks in public ? Here what the research shows"
"https://www.theeagle.com/news/local/why-wear-face-masks-in-public-heres-what-the-research-shows/article_2346c2ec-7774-11ea-9826-e37d0e9f65d0.html","https://www.theeagle.com/news/local/why-wear-face-masks-in-public-heres-what-the-research-shows/article_2346c2ec-7774-11ea-9826-e37d0e9f65d0.amp.html","2020-04-05 21:00:00","Why wear face masks in public ? Here what the research shows"
"https://www.insidenova.com/news/stafford/mary-washington-healthcare-launches-5-000-mask-challenge/article_448632e8-7766-11ea-9b72-2379541eb01f.html","","2020-04-05 19:15:00","Mary Washington Healthcare launches 5 , 000 Mask Challenge"
"http://www.newsminer.com/opinion/editorials/living-in-the-virus-hotspot-attention-fairbanks-borough-residents-listen-to-the-health-experts/article_f0f07fe8-761c-11ea-8986-138efca400ad.html","","2020-04-05 15:15:00","Living in the virus hotspot : Attention Fairbanks borough residents : Listen to the health experts"
"https://www.somersetlive.co.uk/news/local-news/coronavirus-lidl-arrested-contaminating-supermarket-4021525","https://www.somersetlive.co.uk/news/local-news/coronavirus-lidl-arrested-contaminating-supermarket-4021525.amp","2020-04-05 13:45:00","COVID - 19 : Man charged after allegedly licking fingers and rubbing them on products in Dorset supermarket"
"https://uk.reuters.com/article/uk-health-coronavirus-philippines-cases/philippines-reports-eight-additional-coronavirus-deaths-152-new-cases-idUKKBN21N09T","https://uk.mobile.reuters.com/article/amp/idUKKBN21N09T","2020-04-05 10:45:00","Philippines reports eight additional coronavirus deaths , 152 new cases"
"https://in.reuters.com/article/health-coronavirus-philippines-cases/philippines-reports-8-additional-coronavirus-deaths-152-new-cases-idINKBN21N09R","https://in.mobile.reuters.com/article/amp/idINKBN21N09R","2020-04-05 10:00:00","Philippines reports 8 additional coronavirus deaths , 152 new cases"
"https://www.citizensvoice.com/news/make-your-own-mask-1.2614935","","2020-04-05 11:45:00","Make your own mask"
"http://www.koreatimes.co.kr/www/world/2020/04/672_287376.html","http://m.koreatimes.co.kr/pages/article.amp.asp?newsIdx=287376","2020-04-05 08:00:00","Debate over masks ends : Asia was right all along"
"https://www.msn.com/en-ae/news/other/covid-19-why-masks-are-back-in-favour-in-the-fight-against-corornavirus/ar-BB12bLF0","","2020-04-05 12:30:00","COVID - 19 : Why masks are back in favour in the fight against corornavirus"
"https://www.houstonchronicle.com/houston/article/Need-a-mask-Seniors-health-care-workers-can-get-15180106.php","https://www.houstonchronicle.com/houston/amp/Need-a-mask-Seniors-health-care-workers-can-get-15180106.php","2020-04-05 14:30:00","Need a mask ? Seniors , health care workers can get one at Sharpstown Park"
"https://www.elcorreo.com/internacional/eeuu/lombardia-multa-euros-20200405143610-nt.html","https://www.elcorreo.com/internacional/eeuu/lombardia-multa-euros-20200405143610-nt_amp.html","2020-04-05 13:00:00","Lombardía multa con 400 euros a quien salga de casa sin mascarilla"
"https://www.tvn-2.com/nacionales/Coronavirus-en-Panama-Autoridades-cambian-recomendacion-mascarillas-pandemia_0_5548695124.html","https://www.tvn-2.com/nacionales/Coronavirus-en-Panama-Autoridades-cambian-recomendacion-mascarillas-pandemia_0_5548695124.amp.html","2020-04-05 01:30:00"," ¿ Por qué las autoridades en Panamá están recomendando el uso de las mascarillas ? "
"https://www.dailylocal.com/news/national/police-charges-planned-against-2-in-coughing-incidents/article_c0fa7ff5-e394-561e-970f-98bc31675786.html","","2020-04-05 16:00:00","Police : Charges planned against 2 in coughing incidents"
"https://www.dailymail.co.uk/news/article-8188965/Lidl-shopper-arrested-licking-fingers-wiping-spit-groceries.html","https://www.dailymail.co.uk/news/article-8188965/amp/Lidl-shopper-arrested-licking-fingers-wiping-spit-groceries.html","2020-04-05 11:15:00","Lidl shopper arrested after  licking fingers before wiping spit on groceries  "
"https://diario.mx/el-paso/artistas-pasenos-proporcionan-mascaras-para-evitar-contagios-20200404-1648322.html","https://diario.mx/el-paso/amp/artistas-pasenos-proporcionan-mascaras-para-evitar-contagios-20200404-1648322.html","2020-04-05 13:15:00","Artistas paseños proporcionan máscaras para evitar contagios"
"https://vosizneias.com/2020/04/05/biden-says-convention-could-be-held-virtually/","","2020-04-05 18:30:00","Biden Says Convention Could Be Held Virtually"
"https://nv.ua/kyiv/koronavirus-v-ukraine-v-kieve-poyavilis-zashchitnye-maski-novosti-kieva-50080145.html","https://nv.ua/amp/koronavirus-v-ukraine-v-kieve-poyavilis-zashchitnye-maski-novosti-kieva-50080145.html","2020-04-05 02:00:00","Коронавирус в Украине в Киеве появились защитные маски новости Киева / НВ"
"https://www.chron.com/news/article/what-should-you-do-household-member-coronavirus-15180691.php","https://www.chron.com/news/amp/what-should-you-do-household-member-coronavirus-15180691.php","2020-04-05 23:15:00","What should you do if a member of your household gets COVID - 19 ? "
"https://www.eluniverso.com/noticias/2020/04/04/nota/7805502/julie-adolescente-francesa-victima-coronavirus-que-solo-tenia-tos","https://www.eluniverso.com/noticias/2020/04/04/nota/7805502/julie-adolescente-francesa-victima-coronavirus-que-solo-tenia-tos?amp","2020-04-05 03:15:00","Julie , la adolescente francesa víctima del coronavirus que solo tenía tos"
"https://us.hola.com/celebrities/20200405fm82pr89ww/coronavirus-trending-viral-celebrity-royal-updates-day-26","https://us.hola.com/celebrities/20200405fm82pr89ww/coronavirus-trending-viral-celebrity-royal-updates-day-26?viewas=amp","2020-04-05 17:15:00","Prince Charles recovers , Hollywood icon dies and more celeb news"
"https://www.msn.com/en-us/news/us/michigan-reports-1493-new-coronavirus-cases-on-sunday-and-77-more-deaths/ar-BB12ckcp","","2020-04-05 22:00:00","Michigan reports 1 , 493 new coronavirus cases on Sunday and 77 more deaths"
"https://i.stuff.co.nz/national/health/coronavirus/120830870/coronavirus-experts-warn-face-masks-could-be-more-harm-than-help","","2020-04-05 18:45:00","Coronavirus : Experts warn face masks could be more harm than help"
"https://www.stuff.co.nz/national/health/coronavirus/120830870/coronavirus-experts-warn-face-masks-could-be-more-harm-than-help","","2020-04-05 08:00:00","Coronavirus : Experts warn face masks could be more harm than help"
"https://patch.com/new-jersey/holmdel-hazlet/wear-mask-4-things-nj-wants-you-do-coronavirus-outbreak","https://patch.com/new-jersey/holmdel-hazlet/amp/28675599/wear-mask-4-things-nj-wants-you-do-coronavirus-outbreak","2020-04-05 15:15:00","Wear A Mask ! 4 Things NJ Wants You To Do In Coronavirus Outbreak"
"http://www.xinhuanet.com/english/2020-04/05/c_138949728.htm","","2020-04-05 15:00:00","COVID - 19 cases exceed 5 , 000 in Russia - Xinhua"
"https://www.thenational.ae/world/asia/coronavirus-latest-uae-confirms-294-new-cases-1.988993","https://amp.thenational.ae/world/asia/coronavirus-latest-uae-confirms-294-new-cases-1.988993","2020-04-05 20:00:00","Coronavirus latest : UAE confirms 294 new cases"
"https://newsinfo.inquirer.net/1254145/drive-by-blessings-in-coronavirus-hit-philippines-on-palm-sunday","https://newsinfo.inquirer.net/1254145/drive-by-blessings-in-coronavirus-hit-philippines-on-palm-sunday/amp","2020-04-05 07:45:00","Drive - by blessings in coronavirus - hit Philippines on Palm Sunday"
"http://www.gdnonline.com/Details/788919/Masks-do-reduce-spread-of-flu-and-some-coronaviruses,-study-finds","","2020-04-05 08:00:00","Health : Masks do reduce spread of flu and some coronaviruses , study finds"
"http://www.gdnonline.com/Details/788919","","2020-04-05 06:15:00","Health : Masks do reduce spread of flu and some coronaviruses , study finds"
"https://www.thenational.ae/world/asia/coronavirus-latest-no-fines-on-expired-uae-residency-visas-1.988993","https://amp.thenational.ae/world/asia/coronavirus-latest-no-fines-on-expired-uae-residency-visas-1.988993","2020-04-05 12:45:00","Coronavirus latest : No fines on expired UAE residency visas"
"https://www.biznews.com/inside-covid-19/2020/04/05/police-officers-zimbabwe-covid-19","https://www.biznews.com/inside-covid-19/2020/04/05/police-officers-zimbabwe-covid-19/amp","2020-04-05 15:00:00","As police officers show , Zimbabwe has NO HOPE of containing Covid - 19 - Cathy Buckle"
"https://www.delcotimes.com/news/national/police-charges-planned-against-2-in-coughing-incidents/article_a5b18a9b-e089-516f-94d7-da7237c85ece.html","","2020-04-05 16:45:00","Police : Charges planned against 2 in coughing incidents"
"https://heavy.com/news/2020/04/face-masks-mandatory-oregon-coronavirus/","https://heavy.com/news/2020/04/face-masks-mandatory-oregon-coronavirus/amp/","2020-04-05 04:00:00","Are Face Masks Mandatory in Oregon During Coronavirus ? "
"http://www.ipreunion.com/actualites-reunion/reportage/2020/04/05/protection-sanitaire,covid-19-un-tutoriel-pour-apprendre-a-coudre-des-masques,117127.html","","2020-04-05 07:00:00","Protection sanitaire : Covid - 19 : un tutoriel pour apprendre à coudre des masques"
"http://www.ipreunion.com/coronavirus/reportage/2020/04/05/protection-sanitaire,covid-19-un-tutoriel-pour-apprendre-a-coudre-des-masques,117127.html","","2020-04-05 06:30:00","Protection sanitaire : Covid - 19 : un tutoriel pour apprendre à coudre des masques"
"https://www.publimetro.com.mx/mx/coronavirus-covid-19/2020/04/05/mascarillas-mexico-paises-medidas.html","https://www.publimetro.com.mx/mx/metroamp/coronavirus-covid-19/2020/04/05/mascarillas-mexico-paises-medidas.html","2020-04-05 20:45:00","El uso de mascarillas debería ser generalizado para evitar contagios | Publimetro México"
"https://actu.fr/pays-de-la-loire/chartre-sur-le-loir_72068/coronavirus-christophe-boyer-medecin-generaliste-chartre-sur-loir-repond-questions_32721119.html","https://actu.fr/pays-de-la-loire/chartre-sur-le-loir_72068/coronavirus-christophe-boyer-medecin-generaliste-chartre-sur-loir-repond-questions_32721119.html/amp","2020-04-05 08:00:00","Coronavirus en Sarthe . Christophe Boyer , médecin généraliste , répond à nos questions"
"https://www.msn.com/en-us/news/us/the-great-mask-debate-should-we-all-be-wearing-them-to-prevent-coronavirus/ar-BB11ZiOz","","2020-04-05 02:00:00","The great mask debate : Should we all be wearing them to prevent coronavirus ? "
"https://www.express.co.uk/news/world/1265090/coronavirus-us-latest-melania-trump-donald-face-masks-cdc-advice-president","https://www.express.co.uk/news/world/1265090/coronavirus-us-latest-melania-trump-donald-face-masks-cdc-advice-president/amp","2020-04-05 02:00:00","Coronavirus : Melania Trump urges face mask use despite Donald refusal | World | News"
"https://in.reuters.com/article/health-coronavirus-mexico/mexican-health-ministry-registers-1890-coronavirus-cases-79-deaths-idINKBN21N048","https://in.mobile.reuters.com/article/amp/idINKBN21N048","2020-04-05 06:45:00","Mexican health ministry registers 1 , 890 coronavirus cases , 79 deaths"
"https://uk.reuters.com/article/us-health-coronavirus-mexico/mexican-health-ministry-registers-1890-coronavirus-cases-79-deaths-idUKKBN21N017","https://uk.mobile.reuters.com/article/amp/idUKKBN21N017","2020-04-05 02:15:00","Mexican health ministry registers 1 , 890 coronavirus cases , 79 deaths"
"https://www.click2houston.com/news/local/2020/04/05/hhs-personnel-will-leave-houston-by-end-of-the-week-mayor-says/","https://www.click2houston.com/news/local/2020/04/05/hhs-personnel-will-leave-houston-by-end-of-the-week-mayor-says/?outputType=amp","2020-04-05 20:45:00","HHS personnel will leave Houston by end of the week , mayor says"
"https://www.telegraph.co.uk/news/2020/04/05/companies-take-matters-hands-issue-face-masks-staff-amid-growing/","https://www.telegraph.co.uk/news/2020/04/05/companies-take-matters-hands-issue-face-masks-staff-amid-growing/amp/","2020-04-05 21:15:00","Companies take matters into their own hands and issue face masks to staff amid growing pressure on the government to change guidance"
"https://uk.reuters.com/article/uk-health-coronavirus-germany-infections/germany-reports-third-straight-drop-in-daily-rate-of-new-coronavirus-infections-idUKKBN21N0E6","https://uk.mobile.reuters.com/article/amp/idUKKBN21N0E6","2020-04-05 12:00:00","Germany reports third straight drop in daily rate of new coronavirus infections"
"https://www.reuters.com/article/us-ukraine-politic-ministers-idUSKBN21H27N","https://mobile.reuters.com/article/amp/idUSKBN21H27N","2020-04-06 00:00:00","Ukraine parliament approves new finance , health ministers at special session"
"https://scroll.in/latest/958294/in-photos-millions-of-indians-light-lamps-candles-to-show-unity-in-the-fight-against-coronavirus","https://amp.scroll.in/latest/958294/in-photos-millions-of-indians-light-lamps-candles-to-show-unity-in-the-fight-against-coronavirus","2020-04-05 21:00:00","In pictures : Millions of Indians light lamps , candles to show unity in fight against coronavirus"
"https://uk.reuters.com/article/uk-health-coronavirus-japan/japan-pm-abe-to-declare-state-of-emergency-as-early-as-tuesday-yomiuri-idUKKBN21N0ZQ","https://uk.mobile.reuters.com/article/amp/idUKKBN21N0ZQ","2020-04-06 00:00:00","Japan PM Abe to declare state of emergency as early as Tuesday - Yomiuri"
"https://gizmodo.com/etsy-encourages-sellers-to-produce-cloth-face-masks-so-1842693253","https://gizmodo.com/etsy-encourages-sellers-to-produce-cloth-face-masks-so-1842693253/amp","2020-04-05 21:30:00","Etsy Tells Sellers to Make Cloth Masks But Not Health Claims"
"https://www.independent.co.uk/news/uk/crime/coronavirus-man-spit-saliva-arrest-lidl-bridport-dorset-a9448101.html","https://www.independent.co.uk/news/uk/crime/coronavirus-man-spit-saliva-arrest-lidl-bridport-dorset-a9448101.html?amp","2020-04-05 16:15:00","Coronavirus : Man charged with  purposefully  wiping spit on supermarket goods"
"https://www.dailymail.co.uk/news/article-8189123/Chelsea-Clinton-blasts-Jared-Kushners-role-Donald-Trumps-Coronavirus-Task-Force-tweets.html","https://www.dailymail.co.uk/news/article-8189123/amp/Chelsea-Clinton-blasts-Jared-Kushners-role-Donald-Trumps-Coronavirus-Task-Force-tweets.html","2020-04-05 13:45:00","Chelsea Clinton blasts Jared Kushner role on Donald Trump Coronavirus Task Force in tweets"
"https://www.haaretz.com/science-and-health/.premium-coronavirus-tips-masks-wear-israel-1.8735498","https://www.haaretz.com/amp/science-and-health/.premium-coronavirus-tips-masks-wear-israel-1.8735498","2020-04-05 08:45:00","Coronavirus tips : How to wear a mask correctly"
"https://www.9and10news.com/2020/04/05/munson-health-care-changing-visitor-policy-implementing-universal-masking/","","2020-04-05 08:15:00","Munson Health Care Changing Visitor Policy , Implementing Universal Masking"
"https://www.prokerala.com/news/articles/a1025954.html","https://www.prokerala.com/news/articles/a1025954.html?amp=1","2020-04-05 06:30:00","Suffering skin damage from face masks ? Experts offer remedies"
"https://www.prensa-latina.cu/index.php?o=rn&id=355556&SEO=de-alta-medica-en-cuba-nina-contagiada-con-covid-19","","2020-04-05 00:45:00","De alta médica en Cuba niña contagiada con Covid - 19"
"https://www.business-standard.com/article/current-affairs/covid-19-drdo-designs-special-chamber-face-mask-for-healthcare-workers-120040500402_1.html","https://wap.business-standard.com/article-amp/current-affairs/covid-19-drdo-designs-special-chamber-face-mask-for-healthcare-workers-120040500402_1.html","2020-04-05 08:30:00","Covid - 19 : DRDO designs special chamber , face mask for healthcare workers"
"https://www.dailymail.co.uk/tvshowbiz/article-8188453/Russell-Crowe-treats-fans-selfie-morning-beauty-routine-sharing-message-hope.html","https://www.dailymail.co.uk/tvshowbiz/article-8188453/amp/Russell-Crowe-treats-fans-selfie-morning-beauty-routine-sharing-message-hope.html","2020-04-05 03:45:00","Russell Crowe treats fans to a selfie of his morning beauty routine after sharing a message of hope"
"https://www.11alive.com/article/news/health/coronavirus/how-to-make-your-own-face-mask-if-you-dont-ave-a-sewing-machine/85-eaaa5823-eda2-460b-9aa0-218276b808d7","https://www.11alive.com/amp/article/news/health/coronavirus/how-to-make-your-own-face-mask-if-you-dont-ave-a-sewing-machine/95-eaaa5823-eda2-460b-9aa0-218276b808d7","2020-04-05 21:15:00","How to make your own face mask if you dont ave a sewing machine"
"https://larepublica.pe:443/mundo/2020/04/05/italia-coronavirus-internos-de-penales-fabricaran-mascarillas-de-proteccion-contra-el-covid-19-fotos-justicia-rddr/","https://larepublica.pe/mundo/2020/04/05/italia-coronavirus-internos-de-penales-fabricaran-mascarillas-de-proteccion-contra-el-covid-19-fotos-justicia-rddr/?outputType=amp","2020-04-05 20:15:00","Italia : Coronavirus : internos de penales fabricarán mascarillas de protección contra el COVID - 19 | fotos | justicia | rddr | Mundo"
"https://larepublica.pe/mundo/2020/04/05/italia-coronavirus-internos-de-penales-fabricaran-mascarillas-de-proteccion-contra-el-covid-19-fotos-justicia-rddr/","https://larepublica.pe/mundo/2020/04/05/italia-coronavirus-internos-de-penales-fabricaran-mascarillas-de-proteccion-contra-el-covid-19-fotos-justicia-rddr/?outputType=amp","2020-04-05 20:30:00","Italia : Coronavirus : internos de penales fabricarán mascarillas de protección contra el COVID - 19 | fotos | justicia | rddr | Mundo"
"https://www.msn.com/en-in/autos/news/worldwide-coronavirus-covid-19-positive-cases-cross-123-lakh-claims-over-67000-lives/ar-BB12ca7m","","2020-04-05 18:45:00","Worldwide Coronavirus COVID - 19 positive cases cross 12 . 3 lakh , claims over 67000 lives"
"https://www.ideal.es/internacional/union-europea/lombardia-multa-euros-20200405144956-ntrc.html","https://www.ideal.es/internacional/union-europea/lombardia-multa-euros-20200405144956-ntrc_amp.html","2020-04-05 16:30:00","Lombardía multa con 400 euros a quien salga de casa sin mascarilla"
"https://www.diariovasco.com/internacional/union-europea/lombardia-multa-euros-20200405144956-ntrc.html","https://www.diariovasco.com/internacional/union-europea/lombardia-multa-euros-20200405144956-ntrc_amp.html","2020-04-05 16:00:00","Lombardía multa con 400 euros a quien salga de casa sin mascarilla"
"https://www.wwltv.com/article/news/health/how-to-make-your-own-face-mask-if-you-dont-ave-a-sewing-machine/289-eaaa5823-eda2-460b-9aa0-218276b808d7","https://www.wwltv.com/amp/article/news/health/how-to-make-your-own-face-mask-if-you-dont-ave-a-sewing-machine/95-eaaa5823-eda2-460b-9aa0-218276b808d7","2020-04-05 21:00:00","How to make your own face mask if you dont ave a sewing machine"
"https://www.elcomercio.es/internacional/union-europea/lombardia-multa-euros-20200405144956-ntrc.html","https://www.elcomercio.es/internacional/union-europea/lombardia-multa-euros-20200405144956-ntrc_amp.html","2020-04-05 13:45:00","Lombardía multa con 400 euros a quien salga de casa sin mascarilla"
"https://www.eldiariomontanes.es/internacional/union-europea/lombardia-multa-euros-20200405144956-ntrc.html","https://www.eldiariomontanes.es/internacional/union-europea/lombardia-multa-euros-20200405144956-ntrc_amp.html","2020-04-05 15:30:00","Lombardía multa con 400 euros a quien salga de casa sin mascarilla"
"http://www.liberte-algerie.com/actualite/lalgerie-receptionne-sa-premiere-commande-de-chine-337070","","2020-04-05 13:00:00","LAlgérie réceptionne sa première commande de Chine : Toute lactualité sur liberte - algerie . com"
"https://www.goodhousekeeping.com/health/wellness/a32038711/should-i-wear-face-masks-to-grocery-stores-coronavirus/","https://www.goodhousekeeping.com/health/wellness/amp32038711/should-i-wear-face-masks-to-grocery-stores-coronavirus/","2020-04-05 01:45:00","Should You Wear Face Masks to the Grocery Store ? What to Know About the New CDC Rules"
"https://www.hoy.es/internacional/union-europea/lombardia-multa-euros-20200405144956-ntrc.html","https://www.hoy.es/internacional/union-europea/lombardia-multa-euros-20200405144956-ntrc_amp.html","2020-04-05 13:45:00","Lombardía multa con 400 euros a quien salga de casa sin mascarilla"
"https://www.pennlive.com/news/2020/04/restaurant-doctors-office-staff-coughed-on-in-western-pa-incidents-amid-coronavirus-concerns.html","https://www.pennlive.com/news/2020/04/restaurant-doctors-office-staff-coughed-on-in-western-pa-incidents-amid-coronavirus-concerns.html?outputType=amp","2020-04-05 14:30:00","Restaurant , doctor office staff coughed on in western Pa . incidents amid coronavirus concerns"
"http://blog.udn.com/dff1baf6/132374976","","2020-04-05 17:45:00","世界各國新冠疫病123 . COVID - 19 . IN THE WORLDWIDE . - Red Square 123的部落格"
"https://larepublica.pe/sociedad/2020/04/05/el-mayor-numero-de-infectados-con-coronavirus-en-chimbote-provienen-del-distrito-de-santa-donde-extreman-medidas-lrnd/","https://larepublica.pe/sociedad/2020/04/05/el-mayor-numero-de-infectados-con-coronavirus-en-chimbote-provienen-del-distrito-de-santa-donde-extreman-medidas-lrnd/?outputType=amp","2020-04-05 22:30:00","El mayor número de infectados con coronavirus en Chimbote provienen del distrito de Santa , donde extreman medidas . | LRND | Sociedad"
"https://larepublica.pe:443/sociedad/2020/04/05/el-mayor-numero-de-infectados-con-coronavirus-en-chimbote-provienen-del-distrito-de-santa-donde-extreman-medidas-lrnd/","https://larepublica.pe/sociedad/2020/04/05/el-mayor-numero-de-infectados-con-coronavirus-en-chimbote-provienen-del-distrito-de-santa-donde-extreman-medidas-lrnd/?outputType=amp","2020-04-05 22:30:00","El mayor número de infectados con coronavirus en Chimbote provienen del distrito de Santa , donde extreman medidas . | LRND | Sociedad"
"https://www.ynetnews.com/article/HRZF8HGYS","","2020-04-05 19:15:00","Israel number of COVID - 19 cases rises to 8 , 430"
"https://www.rtl.fr/actu/international/coronavirus-en-italie-le-confinement-commence-t-il-a-porter-ses-fruits-7800362754","https://www.rtl.fr/actu/international/coronavirus-en-italie-le-confinement-commence-t-il-a-porter-ses-fruits-7800362754/amp","2020-04-05 18:45:00","Coronavirus en Italie : le confinement commence - t - il à porter ses fruits ? "
"https://laopinion.com/2020/04/05/mexicano-realiza-cubrebocas-de-manera-artesanal-para-hacerle-frente-al-coronavirus/","https://laopinion.com/2020/04/05/mexicano-realiza-cubrebocas-de-manera-artesanal-para-hacerle-frente-al-coronavirus/amp/","2020-04-05 23:00:00","Mexicano realiza cubrebocas de manera artesanal para hacerle frente al coronavirus"
"https://www.dailymail.co.uk/news/article-8188893/Fifty-NHS-doctors-die-coronavirus-without-proper-protective-equipment-warns-medic.html","https://www.dailymail.co.uk/news/article-8188893/amp/Fifty-NHS-doctors-die-coronavirus-without-proper-protective-equipment-warns-medic.html","2020-04-05 11:15:00","  Fifty NHS doctors will die from coronaviru without proper protective equipment , warns top medic"
"https://uk.reuters.com/article/uk-health-coronavirus-spain-primeministe/spain-calls-for-marshall-plan-european-debt-mutualisation-newspaper-idUKKBN21N0MO","https://uk.mobile.reuters.com/article/amp/idUKKBN21N0MO","2020-04-05 15:45:00","Spain calls for Marshall plan , European debt mutualisation - newspaper"
"https://news.yahoo.com/man-arrested-wiping-saliva-supermarket-131827400.html","https://news.yahoo.com/amphtml/man-arrested-wiping-saliva-supermarket-131827400.html","2020-04-05 13:45:00","Man arrested for  wiping his saliva on supermarket products  "
"https://www.marketwatch.com/story/all-they-care-about-is-making-money-can-my-supermarket-manager-force-me-to-remove-my-face-mask-at-work-2020-03-23","https://www.marketwatch.com/amp/story/guid/08621A0E-6CAB-11EA-8762-407E1360EFBA","2020-04-05 12:45:00","  Your boss is playing God : My grocery store banned face masks for staff . I dont want to contract coronavirus . How can I stay safe ? "
"https://www.cincinnati.com/in-depth/news/2020/04/04/coronavirus-face-mask-tips-how-make-fabric-instructions/2945209001/","","2020-04-05 14:30:00","Coronavirus : How to make face mask with fabric , DIY sewing tips"
"https://workpermit.com/news/sanwar-ali-coronavirus-us-has-300000-cases-and-8k-deaths-20200405","","2020-04-05 00:00:00","Sanwar Ali on Coronavirus : US has 300 , 000 cases and 8K deaths"
"https://www.dailymail.co.uk/news/article-8189219/Milwaukee-Illinois-data-shows-African-Americans-likely-contract-coronavirus-die.html","https://www.dailymail.co.uk/news/article-8189219/amp/Milwaukee-Illinois-data-shows-African-Americans-likely-contract-coronavirus-die.html","2020-04-05 17:45:00","Milwaukee and Illinois data shows African Americans are more likely to contract coronavirus and die"
"https://www.dw.com/es/coronavirus-minuto-a-minuto-china-export%C3%B3-casi-4000-millones-de-mascarillas-en-un-mes/a-53023520","https://amp.dw.com/es/coronavirus-minuto-a-minuto-china-export%C3%B3-casi-4000-millones-de-mascarillas-en-un-mes/a-53023520","2020-04-05 15:15:00","+++ Coronavirus minuto a minuto : China exportó casi 4 . 000 millones de mascarillas en un mes +++ | El Mundo | DW"
"https://www.ouest-france.fr/sante/virus/coronavirus/coronavirus-nantes-le-chu-autorise-le-masque-pour-tout-le-personnel-6800608","https://amp.ouest-france.fr/sante/virus/coronavirus/coronavirus-nantes-le-chu-autorise-le-masque-pour-tout-le-personnel-6800608","2020-04-05 14:45:00","Coronavirus . À Nantes , le CHU autorise le masque pour tout le personnel"
"https://www.timesnownews.com/international/article/i-may-take-it-too-donald-trump-requests-pm-modi-to-release-hold-on-export-of-hydroxychloroquine-tablets/573969","https://www.timesnownews.com/amp/international/article/i-may-take-it-too-donald-trump-requests-pm-modi-to-release-hold-on-export-of-hydroxychloroquine-tablets/573969","2020-04-05 03:30:00","Coronavirus pandemic  I may take it too : Donald Trump requests PM Modi to release hold on export of Hydroxychloroquine tablets"
"https://www.svoboda.org/a/30532295.html","https://www.svoboda.org/amp/30532295.html","2020-04-05 10:45:00","Трамп : США могут ввести пошлины на импорт нефти"
"https://eldiariony.com/2020/04/05/mexicano-realiza-cubrebocas-de-manera-artesanal-para-hacerle-frente-al-coronavirus/","","2020-04-05 22:30:00","Mexicano realiza cubrebocas de manera artesanal para hacerle frente al coronavirus"
"https://www.thestar.com.my/news/regional/2020/04/05/up-to-130-officers-from-hong-kong-anti-riot-squad-to-be-quarantined","","2020-04-05 10:15:00","Up to 130 officers from Hong Kong anti - riot squad to be quarantined"
"https://www.recordonline.com/news/20200404/many-locals-wearing-masks","https://www.recordonline.com/news/20200404/many-locals-wearing-masks?template=ampart","2020-04-05 00:15:00","Many locals wearing masks - News - recordonline . com"
"https://news.yahoo.com/photos-show-pope-francis-hosted-154900200.html","","2020-04-05 19:15:00","Photos show how Pope Francis hosted the first - ever Palm Sunday Mass without a congregation"
"https://www.democratandchronicle.com/in-depth/news/2020/04/04/coronavirus-face-mask-tips-how-make-fabric-instructions/2945209001/","","2020-04-05 01:30:00","Coronavirus : How to make face mask with fabric , DIY sewing tips"
"http://www.jamaicaobserver.com/your-health-your-wealth/masking-amid-not-totally-harmless-cmo-warns_191410?profile=1470","http://amp.jamaicaobserver.com/your-health-your-wealth/masking-amid-not-totally-harmless-cmo-warns_191410?profile=1470","2020-04-05 06:15:00","Masking amid Not totally harmless , CMO warns"
"http://www.jamaicaobserver.com/your-health-your-wealth/masking-amid-not-totally-harmless-cmo-warns_191410?profile=1373","http://amp.jamaicaobserver.com/your-health-your-wealth/masking-amid-not-totally-harmless-cmo-warns_191410?profile=1373","2020-04-05 09:30:00","Masking amid Not totally harmless , CMO warns"
"https://www.laregion.es/articulo/galicia/ni-caso-ponte-mascarilla/20200404234501937188.html","","2020-04-05 03:00:00","  Ni caso , tú ponte la mascarilla  "
"https://www.cnnchile.com/coronavirus/minsal-uso-mascarillas-lugares-publicos_20200405/","","2020-04-05 23:00:00","Minsal ahora recomienda uso de mascarillas para todos en lugares públicos"
"https://www.focus.de/gesundheit/ratgeber/diskussion-um-mundschutzpflicht-masken-selber-naehen-feuerwehr-veroeffentlicht-eine-einfache-anleitung_id_11834811.html","https://amp.focus.de/gesundheit/ratgeber/diskussion-um-mundschutzpflicht-masken-selber-naehen-feuerwehr-veroeffentlicht-eine-einfache-anleitung_id_11834811.html","2020-04-05 09:30:00","Maske selbst nähen - Feuerwehr veröffentlicht eine einfache Video - Anleitung - Ratgeber"
"https://in.reuters.com/article/health-coronavirus-canada/canada-coronavirus-deaths-jump-20-ottawa-offers-reservists-full-time-jobs-idINKBN21N0Q6","https://in.mobile.reuters.com/article/amp/idINKBN21N0Q6","2020-04-05 18:30:00","Canada coronavirus deaths jump 20 %, Ottawa offers reservists full - time jobs"
"https://www.reuters.com/article/us-health-coronavirus-japan/tokyo-reports-143-new-coronavirus-cases-highest-jump-in-one-day-governor-idUSKBN21N07X","https://mobile.reuters.com/article/amp/idUSKBN21N07X","2020-04-05 11:30:00","Tokyo sees more than 130 new coronavirus cases , highest jump in one day : NHK"
"https://www.reuters.com/article/us-health-coronavirus-japan/tokyo-sees-more-than-130-new-coronavirus-cases-highest-jump-in-one-day-nhk-idUSKBN21N07X","https://mobile.reuters.com/article/amp/idUSKBN21N07X","2020-04-05 08:15:00","Tokyo sees more than 130 new coronavirus cases , highest jump in one day : NHK"
"https://www.dailymail.co.uk/news/article-8189725/Leo-Varadkar-registers-medical-practitioner-Irelands-coronavirus-crisis.html","https://www.dailymail.co.uk/news/article-8189725/amp/Leo-Varadkar-registers-medical-practitioner-Irelands-coronavirus-crisis.html","2020-04-05 20:00:00","Leo Varadkar re - registers as medical practitioner during Ireland coronavirus crisis"
"https://thenationonlineng.net/trump-i-wont-wear-masks/","https://thenationonlineng.net/trump-i-wont-wear-masks/amp/","2020-04-05 06:15:00","Trump :  I wont wear mask - The Nation Nigeria"
"https://thehill.com/blogs/blog-briefing-room/news/491193-former-astronaut-er-doctor-more-concerned-about-catching-covid","https://thehill.com/blogs/blog-briefing-room/news/491193-former-astronaut-er-doctor-more-concerned-about-catching-covid?amp","2020-04-05 04:30:00","Former astronaut , ER doctor more concerned about catching COVID - 19 than when he went to space"
"https://www.leonoticias.com/internacional/union-europea/lombardia-multa-euros-20200405144956-ntrc.html","https://www.leonoticias.com/internacional/union-europea/lombardia-multa-euros-20200405144956-ntrc_amp.html","2020-04-05 15:15:00","Lombardía multa con 400 euros a quien salga de casa sin mascarilla"
"https://actualidad.rt.com/actualidad/348894-cirujano-general-eeuu-como-hacer-mascarilla","https://actualidad.rt.com/actualidad/348894-cirujano-general-eeuu-como-hacer-mascarilla/amp","2020-04-05 20:00:00","Cómo fabricarse una mascarilla en casa en 45 segundos : un cirujano de EE . UU . lo explica paso a paso ( VIDEO ) "
"https://punemirror.indiatimes.com/pune/others/healthy-baby-born-to-woman-with-covid-19/articleshow/74988302.cms","https://punemirror.indiatimes.com/pune/others/healthy-baby-born-to-woman-with-covid-19/amp_articleshow/74988302.cms","2020-04-05 03:45:00","Healthy baby born to woman with COVID - 19"
"https://www.firstcoastnews.com/article/news/health/how-to-make-your-own-face-mask-if-you-dont-ave-a-sewing-machine/77-eaaa5823-eda2-460b-9aa0-218276b808d7","https://www.firstcoastnews.com/amp/article/news/health/how-to-make-your-own-face-mask-if-you-dont-ave-a-sewing-machine/95-eaaa5823-eda2-460b-9aa0-218276b808d7","2020-04-05 11:45:00","How to make your own face mask if you dont ave a sewing machine"
"https://vietnamnet.vn/en/vietnam-world/vietnamese-in-germany-sew-covid-19-masks-for-local-doctors-630947.html","http://m.vietnamnet.vn/en/vietnam-world/vietnamese-in-germany-sew-covid-19-masks-for-local-doctors-630947.html","2020-04-05 12:30:00","Vietnamese in Germany sew COVID - 19 masks for local doctors"
"http://www.digitaljournal.com/life/health/op-ed-covid19-put-away-that-facemask-save-it-for-healthcare-workers/article/569818","","2020-04-05 12:00:00","Op - Ed : COVID19 Put away that face mask , save it for healthcare workers"
"https://www.amur.info/news/2020/04/05/170588","","2020-04-05 02:30:00","О путях передачи коронавируса рассказали в Роспотребнадзоре"
"https://www.kxxv.com/your-hometown/mclennan-county/firefighters-work-on-the-front-lines-of-covid-19-as-protected-as-possible","https://www.kxxv.com/your-hometown/mclennan-county/firefighters-work-on-the-front-lines-of-covid-19-as-protected-as-possible?_amp=true","2020-04-05 01:00:00","Firefighters work on the front lines of COVID - 19 as protected as possible"
"https://www.commercialappeal.com/story/news/2020/04/05/virus-changes-shopping-memphis-more-distance-markers-more-masks/2950411001/","https://amp.commercialappeal.com/amp/2950411001","2020-04-05 20:45:00","Virus changes shopping in Memphis : more distance markers , more masks"
"http://www.jamaicaobserver.com/news/world-s-virus-toll-tops_191439?profile=1373","http://amp.jamaicaobserver.com/news/world-s-virus-toll-tops_191439?profile=1373","2020-04-05 09:30:00","World virus toll tops 60 , 000 as mask debate rages"
"http://www.jamaicaobserver.com/news/world-s-virus-toll-tops_191439?profile=1470","http://amp.jamaicaobserver.com/news/world-s-virus-toll-tops_191439?profile=1470","2020-04-05 06:15:00","World virus toll tops 60 , 000 as mask debate rages"
"http://www.jamaicaobserver.com/news/world-s-virus-toll-tops_191439","http://amp.jamaicaobserver.com/apps/pbcs.dll/article?AID=/20200405/ARTICLE/304059950 =0","2020-04-05 05:45:00","World virus toll tops 60 , 000 as mask debate rages"
"https://laopinion.com/2020/04/05/nypd-busca-a-adolescente-que-abrio-la-cabeza-a-asiatica-por-causar-coronavirus/","","2020-04-05 15:30:00","NYPD busca a adolescente que abrió la cabeza a asiática por  causar coronavirus  "
"https://laopinion.com/2020/04/05/nypd-busca-a-adolescente-que-abrio-la-cabeza-a-asiatica-por-causar-coronavirus_1/","","2020-04-05 15:30:00","NYPD busca a adolescente que abrió la cabeza a asiática por  causar coronavirus  "
"https://www.msn.com/en-us/finance/other/etsy-reminds-sellers-making-cloth-face-masks-don-e2-80-99t-suggest-they-prevent-covid-19-infection/ar-BB12bL31","","2020-04-05 14:30:00","Etsy reminds sellers making cloth face masks : Dont suggest they prevent COVID 19 infection"
"https://www.msn.com/en-us/news/world/update-1-turkey-to-curb-some-troop-movement-in-syria-as-coronavirus-cases-jump/ar-BB12c65p","","2020-04-05 19:15:00","UPDATE 1 - Turkey to curb some troop movement in Syria as coronavirus cases jump"
"https://www.theverge.com/2020/4/5/21207986/etsy-cloth-face-masks-covid19","https://www.theverge.com/platform/amp/2020/4/5/21207986/etsy-cloth-face-masks-covid19","2020-04-05 14:15:00","Etsy reminds sellers making cloth face masks : Dont suggest they stop COVID 19"
"https://patch.com/illinois/across-il/illinois-coronavirus-update-april-5","https://patch.com/illinois/across-il/amp/28675613/illinois-coronavirus-update-april-5","2020-04-05 17:00:00","Illinois Coronavirus Update April 5 : Facial Coverings Recommended"
"https://www.aol.co.uk/news/2020/04/05/man-arrested-for-wiping-his-saliva-on-supermarket-products/","","2020-04-05 16:30:00","Man arrested for  wiping his saliva on supermarket products  "
"https://www.wmcactionnews5.com/2020/04/05/covid-deaths-reported-shelby-county-cases-rise/","/2020/04/05/covid-deaths-reported-shelby-county-cases-rise/?outputType=amp","2020-04-05 15:15:00","11 COVID - 19 deaths reported in Shelby County ; Cases rise to 754"
"https://www.fijivillage.com/news/Worldwide-COVID-19-cases-surpass-11M-845rxf/","","2020-04-05 01:45:00","Worldwide COVID - 19 cases surpass 1 . 1M"
"https://www.ydr.com/story/news/crime/2020/04/05/social-distancing-police-may-need-close-6-foot-gap-during-coronavirus/5110603002/","https://amp.ydr.com/amp/5110603002","2020-04-05 17:30:00","Social distancing : Police may need to close 6 - foot gap during coronavirus"
"https://www.chron.com/news/texas/article/Quilters-make-homemade-masks-donates-to-health-15176867.php","https://www.chron.com/news/texas/amp/Quilters-make-homemade-masks-donates-to-health-15176867.php","2020-04-05 05:45:00","Quilters make homemade masks , donates to health care workers"
"https://www.sfgate.com/news/texas/article/Quilters-make-homemade-masks-donates-to-health-15176867.php","https://www.sfgate.com/news/texas/amp/Quilters-make-homemade-masks-donates-to-health-15176867.php","2020-04-05 05:45:00","Quilters make homemade masks , donates to health care workers"
"https://peru21.pe/espectaculos/internacional/coronavirus-la-actriz-debi-mazar-insta-a-los-neoyorquinos-a-llevar-mascara-y-quedarse-en-casa-covid-19-pandemia-nndc-noticia/","https://peru21.pe/espectaculos/internacional/coronavirus-la-actriz-debi-mazar-insta-a-los-neoyorquinos-a-llevar-mascara-y-quedarse-en-casa-covid-19-pandemia-nndc-noticia/?outputType=amp","2020-04-05 07:15:00","Coronavirus : la actriz Debi Mazar insta a los neoyorquinos a llevar máscara y quedarse en casa | COVID - 19 | Pandemia nndc Espectáculos Internacional"
"https://eldiariony.com/2020/04/05/nypd-busca-a-adolescente-que-abrio-la-cabeza-a-asiatica-por-causar-coronavirus/","https://eldiariony.com/2020/04/05/nypd-busca-a-adolescente-que-abrio-la-cabeza-a-asiatica-por-causar-coronavirus/amp/","2020-04-05 16:30:00","NYPD busca a adolescente que abrió la cabeza a asiática por  causar coronavirus  "
"https://heavy.com/news/2020/04/face-masks-required-hoboken-new-jersey-coronavirus/","https://heavy.com/news/2020/04/face-masks-required-hoboken-new-jersey-coronavirus/amp/","2020-04-05 02:30:00","COVID - 19 : Face Masks Now Required in Hoboken , New Jersey"
"https://www.msn.com/en-us/news/us/university-of-mississippi-medical-center-calls-for-mask-donations/ar-BB12cinv","","2020-04-05 22:30:00","University of Mississippi Medical Center calls for mask donations"
"https://www.bangkokpost.com/learning/really-easy/1893540/sunday-102-new-coronavirus-cases-3-more-deaths","","2020-04-05 09:30:00","Sunday : 102 new coronavirus cases , 3 more deaths"
"https://www.fox9.com/news/oregon-veteran-survives-coronavirus-celebrates-104th-birthday","https://www.fox9.com/news/oregon-veteran-survives-coronavirus-celebrates-104th-birthday.amp","2020-04-05 18:30:00","Oregon veteran survives coronavirus , celebrates 104th birthday"
"https://www.bostonglobe.com/2020/04/05/opinion/why-i-dont-feel-safe-wearing-face-mask/","https://www.bostonglobe.com/2020/04/05/opinion/why-i-dont-feel-safe-wearing-face-mask/?outputType=amp","2020-04-05 19:00:00","Why I dont feel safe wearing a face mask - The Boston Globe"
"https://www.pennlive.com/news/2020/04/retirement-community-resident-dies-of-coronavirus-in-lancaster-county.html","https://www.pennlive.com/news/2020/04/retirement-community-resident-dies-of-coronavirus-in-lancaster-county.html?outputType=amp","2020-04-05 15:45:00","Retirement community resident dies of coronavirus in Lancaster County"
"https://www.business-standard.com/article/pti-stories/woman-admitted-to-bengal-hospital-with-coronavirus-like-symptoms-delivers-baby-120040501240_1.html","https://wap.business-standard.com/article-amp/pti-stories/woman-admitted-to-bengal-hospital-with-coronavirus-like-symptoms-delivers-baby-120040501240_1.html","2020-04-05 18:15:00","Woman admitted to Bengal hospital with coronavirus - like symptoms delivers baby"
"https://news.yahoo.com/flight-attendants-still-working-during-181007622.html","","2020-04-05 21:15:00","Flight attendants are still working during coronavirus lockdowns and they worry that theyre spreading the virus"
"https://www.mysanantonio.com/news/texas/article/Quilters-make-homemade-masks-donates-to-health-15176867.php","https://www.mysanantonio.com/news/texas/amp/Quilters-make-homemade-masks-donates-to-health-15176867.php","2020-04-05 09:15:00","Quilters make homemade masks , donates to health care workers"
"http://www.nydailynews.com/coronavirus/ny-coronavirus-schumer-military-trump-medical-equipment-20200405-gvyi57lfprhlxoqcvut6nrdvjm-story.html","https://www.nydailynews.com/coronavirus/ny-coronavirus-schumer-military-trump-medical-equipment-20200405-gvyi57lfprhlxoqcvut6nrdvjm-story.html?outputType=amp","2020-04-05 20:45:00","Schumer pushes Trump to appoint military leader coronavirus czar"
"https://www.heraldnet.com/opinion/viewpoints-what-you-need-to-know-about-wearing-a-mask/","","2020-04-05 16:15:00","Viewpoints : What you need to know about wearing a mask"
"https://larepublica.pe:443/sociedad/2020/04/05/arequipa-y-cusco-atenderan-a-pacientes-con-coronavirus-en-hospitales-moviles-lrsd/","https://larepublica.pe/sociedad/2020/04/05/arequipa-y-cusco-atenderan-a-pacientes-con-coronavirus-en-hospitales-moviles-lrsd/?outputType=amp","2020-04-05 19:30:00","Arequipa y Cusco atenderán a pacientes con coronavirus en hospitales móviles"
"https://in.reuters.com/article/us-health-coronavirus-mexico/mexico-official-calls-diet-a-factor-as-coronavirus-death-toll-climbs-idINKBN21N017","https://in.mobile.reuters.com/article/amp/idINKBN21N017","2020-04-05 07:15:00","Mexico official calls diet a factor as coronavirus death toll climbs"
"https://uk.reuters.com/article/us-health-coronavirus-mexico/mexico-official-calls-diet-a-factor-as-coronavirus-death-toll-climbs-idUKKBN21N017","https://uk.mobile.reuters.com/article/amp/idUKKBN21N017","2020-04-05 04:00:00","Mexico official calls diet a factor as coronavirus death toll climbs"
"https://www.reuters.com/article/us-health-coronavirus-mexico/mexico-official-calls-diet-a-factor-as-coronavirus-death-toll-climbs-idUSKBN21N017","https://mobile.reuters.com/article/amp/idUSKBN21N017","2020-04-05 03:45:00","Mexico official calls diet a factor as coronavirus death toll climbs"
"https://heavy.com/news/2020/04/scientists-find-way-to-safely-re-use-n95-face-masks/","https://heavy.com/news/2020/04/scientists-find-way-to-safely-re-use-n95-face-masks/amp/","2020-04-05 20:45:00","Scientists Discover Way to Safely Re - Use N95 Face Masks"
"https://www.dailymail.co.uk/news/article-8189085/Countries-public-face-mask-wearing-advised-lower-rates-coronavirus-infections.html","https://www.dailymail.co.uk/news/article-8189085/amp/Countries-public-face-mask-wearing-advised-lower-rates-coronavirus-infections.html","2020-04-05 16:00:00","Countries where public face mask wearing is advised have lower rates of coronavirus infections"
"https://www.msn.com/en-us/news/us/coronavirus-in-oregon-1-new-death-as-total-cases-pass-1000/ar-BB12cpfl","","2020-04-05 22:15:00","Coronavirus in Oregon : 1 new death as total cases pass 1 , 000"
"https://www.la-croix.com/Monde/Au-Panama-benediction-helicoptere-cause-Covid-19-2020-04-05-1301088008","https://www.la-croix.com/amp/1301088008","2020-04-05 23:45:00","Au Panama , une bénédiction depuis un hélicoptère pour cause de Covid - 19"
"https://yourstory.com:443/2020/04/drdo-disinfection-chamber-special-face-mask-coronavirus","https://yourstory.com/2020/04/drdo-disinfection-chamber-special-face-mask-coronavirus/amp","2020-04-05 06:15:00","Coronavirus : DRDO designs disinfection chamber , special face mask for healthcare professionals"
"https://www.mycentraljersey.com/story/news/health/2020/04/05/coronavirus-nj-emergency-room-doctor-says-nothing-compares-this/5116868002/","https://amp.mycentraljersey.com/amp/5116868002","2020-04-05 10:15:00","Coronavirus : NJ emergency room doctor says  nothing compares to this  "
"https://uk.reuters.com/article/uk-health-coronavirus-spain-primeministe/spain-and-eu-commissioners-call-for-common-european-debt-instruments-newspaper-idUKKBN21N0MO","https://uk.mobile.reuters.com/article/amp/idUKKBN21N0MO","2020-04-05 21:00:00","Spain and EU Commissioners call for common European debt instruments - newspaper"
"https://uk.reuters.com/article/us-britain-economy-consumersentiment/uk-consumer-confidence-suffers-record-fall-over-coronavirus-gfk-idUKKBN21N0Z5","https://uk.mobile.reuters.com/article/amp/idUKKBN21N0Z5","2020-04-06 00:00:00","UK consumer confidence suffers record fall over coronavirus : GfK"
"https://www.nzherald.co.nz/world/news/article.cfm?c_id=2&objectid=12322485","","2020-04-06 00:00:00","Covid 19 coronavirus : CDC recommends wearing masks in public , but Trump says it voluntary"
"https://www.biobiochile.cl/noticias/sociedad/curiosidades/2020/04/05/cementerio-mas-grande-de-brasil-comienza-a-quedarse-sin-tumbas-por-covid-19.shtml","amp/cementerio-mas-grande-de-brasil-comienza-a-quedarse-sin-tumbas-por-covid-19.shtml","2020-04-05 19:45:00","Cementerio más grande de Brasil comienza a quedarse sin tumbas por Covid - 19 | Sociedad"
"https://www.globalsecurity.org/security/library/news/2020/04/sec-200404-presstv03.htm","","2020-04-05 01:00:00","US method of sourcing protective gear baffling world amid coronavirus crisis"
"https://www.debate.com.mx/mundo/Honduras-registra-268-casos-y-22-muertos-por-coronavirus-20200404-0290.html","https://www.debate.com.mx/amp/mundo/Honduras-registra-268-casos-y-22-muertos-por-coronavirus-20200404-0290.html","2020-04-05 04:45:00","Honduras registra 268 casos y 22 muertos por coronavirus"
"https://www.inverse.com/culture/homemade-masks-guidelines","https://www.inverse.com/culture/homemade-masks-guidelines/amp","2020-04-05 20:00:00","For homemade masks , It imperative crafters use this medical guide"
"https://kvia.com/news/texas/2020/04/04/quilters-make-homemade-masks-donates-to-health-care-workers/","https://kvia.com/amp/quilters-make-homemade-masks-donates-to-health-care-workers","2020-04-05 08:30:00","Quilters make homemade masks , donates to health care workers"
"http://www.koreatimes.co.kr/www/nation/2020/04/672_287374.html","http://m.koreatimes.co.kr/pages/article.amp.asp?newsIdx=287374","2020-04-05 09:00:00","Taiwan offers masks and medical aid to foreign countries , angering Beijing"
"http://www.koreatimes.co.kr/www/world/2020/04/672_287374.html","http://m.koreatimes.co.kr/pages/article.amp.asp?newsIdx=287374","2020-04-05 08:00:00","Taiwan offers masks and medical aid to foreign countries , angering Beijing"
"https://www.koreatimes.co.kr/www/world/2020/04/672_287374.html","http://m.koreatimes.co.kr/pages/article.amp.asp?newsIdx=287374","2020-04-05 12:00:00","Taiwan offers masks and medical aid to foreign countries , angering Beijing"
"https://globalnews.ca/news/6781361/coronavirus-masks-nanaimo-pulp-mill/","https://globalnews.ca/news/6781361/coronavirus-masks-nanaimo-pulp-mill/amp/","2020-04-05 20:45:00","Coronavirus : B . C . mill ramps up medical pulp production for U . S . supplies but not 3M"
"https://ren.tv/news/v-mire/682011-maika-i-lovkost-ruk-glavnyi-khirurg-ssha-pokazal-kak-sdelat-masku","https://amp.ren.tv/news/v-mire/682011-maika-i-lovkost-ruk-glavnyi-khirurg-ssha-pokazal-kak-sdelat-masku","2020-04-05 07:15:00","Майка и ловкость рук : главный хирург США показал , как сделать маску"
"https://www.desertsun.com/in-depth/news/2020/04/04/coronavirus-face-mask-tips-how-make-fabric-instructions/2945209001/","","2020-04-05 20:15:00","Coronavirus : How to make face mask with fabric , DIY sewing tips"
"https://www.msn.com/en-nz/news/other/face-masks-for-all-the-science/ar-BB12c7tF","","2020-04-05 18:15:00","Face masks for all - the science"
"http://www.msn.com/en-nz/news/national/face-masks-for-all-the-science/ar-BB12c7tF","","2020-04-05 20:45:00","Face masks for all - the science"
"https://www.msn.com/en-nz/news/national/face-masks-for-all-the-science/ar-BB12c7tF","","2020-04-05 18:45:00","Face masks for all - the science"
"https://www.ctpost.com/news/texas/article/Quilters-make-homemade-masks-donates-to-health-15176867.php","https://www.ctpost.com/news/texas/amp/Quilters-make-homemade-masks-donates-to-health-15176867.php","2020-04-05 05:45:00","Quilters make homemade masks , donates to health care workers"
"https://www.fratmat.info/article/203397/R%C3%A9gions/Abidjan/covid-19-la-pandemie-generalisee-a-abidjan-les-masques-doivent-etre-obligatoires-dg-de-la-sante","","2020-04-05 13:15:00","Covid - 19 : « La pandémie généralisée à Abidjan , les masques doivent être obligatoires » ( DG de la santé ) "
"https://fr.euronews.com/2020/04/05/covid-19-aux-etats-unis-le-pire-est-a-venir-previent-donald-trump","","2020-04-05 09:30:00","Covid - 19 aux Etats - Unis : le pire est à venir prévient Donald Trump"
"https://www.dailysabah.com/turkey/over-1000-patients-have-recovered-from-coronavirus-in-turkey-health-minister-says/news","https://www.dailysabah.com/turkey/over-1000-patients-have-recovered-from-coronavirus-in-turkey-health-minister-says/news/amp","2020-04-05 18:00:00","Over 1 , 000 patients have recovered from coronavirus in Turkey , health minister says"
"https://www.cnet.com/how-to/make-a-face-mask-or-covering-at-home-how-to-find-patterns-cloth-premade-masks/","https://www.cnet.com/google-amp/news/make-a-face-mask-or-covering-at-home-how-to-find-patterns-cloth-premade-masks/","2020-04-05 19:30:00","Make a face mask or covering at home : How to find patterns , cloth , premade masks"
"https://www.cnet.com/how-to/make-a-face-mask-or-covering-at-home-how-to-find-cloth-patterns-premade-masks/","https://www.cnet.com/google-amp/news/make-a-face-mask-or-covering-at-home-how-to-find-cloth-patterns-premade-masks/","2020-04-05 01:30:00","Make a face mask or covering at home : How to find cloth , patterns , premade masks"
"https://www.winnipegfreepress.com/special/coronavirus/winnipeg-water-supply-safe-569376012.html","","2020-04-05 05:45:00","Winnipeg water supply safe"
"https://www.publimetro.com.mx/mx/deportes/2020/04/05/suzy-cortez-manda-mensaje-los-americanistas.html","https://www.publimetro.com.mx/mx/metroamp/deportes/2020/04/05/suzy-cortez-manda-mensaje-los-americanistas.html","2020-04-05 20:45:00","Suzy Cortez manda un mensaje a los americanistas | Publimetro México"
"https://www.policeone.com:443/coronavirus-covid-19/articles/after-covid-19-death-of-fla-deputies-fear-factor-among-police-amplified-B6jxFLV2mEOAVMUJ/","","2020-04-05 18:15:00","After COVID - 19 death of Fla . deputies ,  fear factor  among police amplified"
"https://journalstar.com/news/local/cindy-lange-kubick-blessed-be-the-mask-makers-among-us/article_df0dbcf8-17b6-5830-9eae-d6c98a19ba20.html","https://journalstar.com/news/local/cindy-lange-kubick-blessed-be-the-mask-makers-among-us/article_df0dbcf8-17b6-5830-9eae-d6c98a19ba20.amp.html","2020-04-05 14:15:00","Cindy Lange - Kubick : Blessed be the mask makers among us"
